Unnamed: 0,id,results_key,results,run_args,scenes_id,cost_id,log_id,dimension,task_id,plan_id,report_id,resources
0,347042,test_1kb,"{""#wrk_qps_avg"": 1547599.39, ""wrk_latency_avg"": 3.97, ""wrk_latency_max"": 247.6, ""wrk_transfer_sec"": 1863.68, ""wrk_latency_stdev"": 4.11, ""wrk_latency_distribution_90"": 8.71}","{""https"": false, ""thread"": 62, ""duration"": 30, ""test_item"": ""1kb"", ""connection"": 6200, ""keep_alive"": true, ""net_params"": ""default""}",72,259625,259626,"{""cvm_cpu"": ""62"", ""platform"": ""qcloud"", ""test_name"": ""nginx_wrk_tune_baseline"", ""tool_name"": ""nginx_wrk"", ""cvm_memory"": ""214 GB"", ""cvm_cpu_qos"": true, ""cvm_os_type"": ""CentOS Linux release 8.2.2004 (Core)"", ""cvm_version"": ""name_1"", ""cvm_cpu_type"": ""name_0"", ""tool_version"": ""1.16.7_4.1.0"", ""host_cpu_type"": ""name_0"", ""component_name"": ""cvm"", ""host_memory_type"": ""name_2"", ""component_version"": ""default"", ""host_cpu_isolation"": {""host"": {""vm"": ""2-32,38-68,74-104,110-140"", ""dpdk"": ""33-35,69-71,105-107,141-143"", ""host"": ""0-1,36-37"", ""spdk"": ""72-73,108-109""}}, ""host_manufacturer_name"": ""name_3""}",58488001,289263,8748610,"{""cluster"": {""server"": 113223}, ""tool_env"": {""nginx_wrk"": [36010]}, ""component"": {""nginx_wrk"": [36011]}}"
1,426197,default,"{""openssl_des_size_16"": 27246690.0, ""openssl_des_size_64"": 27533290.0, ""openssl_md2_size_16"": 0.0, ""openssl_md2_size_64"": 0.0, ""openssl_md4_size_16"": 108156980.0, ""openssl_md4_size_64"": 299196160.0, ""openssl_rc2_size_16"": 47565300.0, ""openssl_rc2_size_64"": 48375770.0, ""openssl_rc4_size_16"": 390284710.0, ""openssl_rc4_size_64"": 411625170.0, ""#openssl_md5_size_16"": 138796040.0, ""#openssl_md5_size_64"": 304494350.0, ""openssl_cast_size_16"": 112474370.0, ""openssl_cast_size_64"": 120853610.0, ""openssl_des_size_256"": 27507590.0, ""openssl_idea_size_16"": 88305130.0, ""openssl_idea_size_64"": 92203120.0, ""openssl_md2_size_256"": 0.0, ""openssl_md4_size_256"": 665710560.0, ""openssl_mdc2_size_16"": 17096700.0, ""openssl_mdc2_size_64"": 17974720.0, ""openssl_rc2_size_256"": 48431180.0, ""openssl_rc4_size_256"": 422328610.0, ""openssl_seed_size_16"": 86547770.0, ""openssl_seed_size_64"": 90238670.0, ""openssl_sha1_size_16"": 219268320.0, ""openssl_sha1_size_64"": 552976670.0, ""#openssl_md5_size_256"": 523630360.0, ""#openssl_rand_size_16"": 25034650.0, ""#openssl_rand_size_64"": 98599460.0, ""openssl_cast_size_256"": 123100520.0, ""openssl_des_size_1024"": 27630820.0, ""openssl_des_size_8192"": 27624630.0, ""openssl_ghash_size_16"": 1405506190.0, ""openssl_ghash_size_64"": 5739480230.0, ""openssl_idea_size_256"": 92529020.0, ""openssl_md2_size_1024"": 0.0, ""openssl_md2_size_8192"": 0.0, ""openssl_md4_size_1024"": 960425750.0, ""openssl_md4_size_8192"": 1108622260.0, ""openssl_mdc2_size_256"": 18307350.0, ""openssl_rc2_size_1024"": 48631750.0, ""openssl_rc2_size_8192"": 48670930.0, ""openssl_rc4_size_1024"": 428844330.0, ""openssl_rc4_size_8192"": 431531470.0, ""openssl_seed_size_256"": 90828630.0, ""openssl_sha1_size_256"": 1081892940.0, ""#openssl_md5_size_1024"": 640550830.0, ""#openssl_md5_size_8192"": 684749490.0, ""#openssl_rand_size_256"": 379233260.0, ""openssl_cast_size_1024"": 123690270.0, ""openssl_cast_size_8192"": 123850390.0, ""openssl_des_size_16384"": 27605390.0, ""openssl_ghash_size_256"": 11048019500.0, ""openssl_idea_size_1024"": 93024900.0, ""openssl_idea_size_8192"": 93053420.0, ""openssl_md2_size_16384"": 0.0, ""openssl_md4_size_16384"": 1123782960.0, ""openssl_mdc2_size_1024"": 18378050.0, ""openssl_mdc2_size_8192"": 18429250.0, ""openssl_rc2_size_16384"": 48662680.0, ""openssl_rc4_size_16384"": 431822860.0, ""openssl_rmd160_size_16"": 48433390.0, ""openssl_rmd160_size_64"": 113824940.0, ""openssl_seed_size_1024"": 91372070.0, ""openssl_seed_size_8192"": 91417770.0, ""openssl_sha1_size_1024"": 1428216100.0, ""openssl_sha1_size_8192"": 1575236380.0, ""openssl_sha512_size_16"": 59010180.0, ""openssl_sha512_size_64"": 236350150.0, ""#openssl_md5_size_16384"": 688029040.0, ""#openssl_rand_size_1024"": 1319133930.0, ""#openssl_rand_size_8192"": 4550588950.0, ""#openssl_sha256_size_16"": 186794640.0, ""#openssl_sha256_size_64"": 463084970.0, ""openssl_aes_192_size_16"": 176422200.0, ""openssl_aes_192_size_64"": 187918430.0, ""openssl_cast_size_16384"": 123820160.0, ""openssl_ghash_size_1024"": 12996680160.0, ""openssl_ghash_size_8192"": 13564893640.0, ""openssl_idea_size_16384"": 93113900.0, ""openssl_mdc2_size_16384"": 18412760.0, ""openssl_rmd160_size_256"": 203272590.0, ""openssl_seed_size_16384"": 91398530.0, ""openssl_sha1_size_16384"": 1587081790.0, ""openssl_sha512_size_256"": 373361570.0, ""#openssl_aes_128_size_16"": 201371230.0, ""#openssl_aes_128_size_64"": 216549540.0, ""#openssl_aes_256_size_16"": 156977930.0, ""#openssl_aes_256_size_64"": 166032790.0, ""#openssl_rand_size_16384"": 5522915560.0, ""#openssl_sha256_size_256"": 876027720.0, ""openssl_aes_192_size_256"": 191063280.0, ""openssl_blowfish_size_16"": 124171050.0, ""openssl_blowfish_size_64"": 132050390.00000001, ""openssl_ghash_size_16384"": 13632813010.0, ""openssl_hmac_md5_size_16"": 62063500.0, ""openssl_hmac_md5_size_64"": 181985550.0, ""openssl_rmd160_size_1024"": 252163440.0, ""openssl_rmd160_size_8192"": 272669900.0, ""openssl_sha512_size_1024"": 531200339.99999994, ""openssl_sha512_size_8192"": 606164020.0, ""#openssl_aes_128_size_256"": 220491340.0, ""#openssl_aes_256_size_256"": 168236760.0, ""#openssl_sha256_size_1024"": 1138802430.0, ""#openssl_sha256_size_8192"": 1245835510.0, ""openssl_aes_192_size_1024"": 191749500.0, ""openssl_aes_192_size_8192"": 192014430.0, ""openssl_blowfish_size_256"": 134768540.0, ""openssl_dsa_size_512_sign"": 19652.8, ""openssl_hmac_md5_size_256"": 406715450.0, ""openssl_rc5_32_12_size_16"": 0.0, ""openssl_rc5_32_12_size_64"": 0.0, ""openssl_rmd160_size_16384"": 273448410.0, ""openssl_rsa_size_512_sign"": 26997.2, ""openssl_sha512_size_16384"": 610876620.0, ""openssl_whirlpool_size_16"": 38452970.0, ""openssl_whirlpool_size_64"": 80190500.0, ""#openssl_aes_128_size_1024"": 221617310.0, ""#openssl_aes_128_size_8192"": 221211400.0, ""#openssl_aes_256_size_1024"": 169084740.0, ""#openssl_aes_256_size_8192"": 169277510.0, ""#openssl_sha256_size_16384"": 1254420620.0, ""openssl_aes_192_size_16384"": 191473620.0, ""openssl_blowfish_size_1024"": 135380700.0, ""openssl_blowfish_size_8192"": 135508880.0, ""openssl_dsa_size_1024_sign"": 10503.4, ""openssl_dsa_size_2048_sign"": 3903.0, ""openssl_ecdh_X448_size_448"": 2296.4, ""openssl_hmac_md5_size_1024"": 586670490.0, ""openssl_hmac_md5_size_8192"": 676582230.0, ""openssl_rc5_32_12_size_256"": 0.0, ""openssl_rsa_size_3072_sign"": 510.9, ""openssl_rsa_size_7680_sign"": 25.1, ""openssl_whirlpool_size_256"": 133051880.0, ""#openssl_aes_128_size_16384"": 221953720.0, ""#openssl_aes_256_size_16384"": 169255520.0, ""#openssl_rsa_size_1024_sign"": 10220.5, ""#openssl_rsa_size_2048_sign"": 1564.2, ""#openssl_rsa_size_4096_sign"": 231.1, ""openssl_blowfish_size_16384"": 135727920.0, ""openssl_dsa_size_512_verify"": 28053.8, ""openssl_hmac_md5_size_16384"": 683828570.0, ""openssl_rc5_32_12_size_1024"": 0.0, ""openssl_rc5_32_12_size_8192"": 0.0, ""openssl_rsa_size_15360_sign"": 4.8, ""openssl_rsa_size_512_verify"": 409847.4, ""openssl_whirlpool_size_1024"": 159753280.0, ""openssl_whirlpool_size_8192"": 169728340.0, ""openssl_camellia_128_size_16"": 117061400.0, ""openssl_camellia_128_size_64"": 166856590.0, ""openssl_camellia_192_size_16"": 97313490.0, ""openssl_camellia_192_size_64"": 129121630.0, ""openssl_camellia_256_size_16"": 97206120.0, ""openssl_camellia_256_size_64"": 129130950.0, ""openssl_dsa_size_1024_verify"": 13425.8, ""openssl_dsa_size_2048_verify"": 4175.6, ""openssl_ecdh_X25519_size_253"": 27722.4, ""openssl_rc5_32_12_size_16384"": 0.0, ""openssl_rsa_size_3072_verify"": 25502.2, ""openssl_rsa_size_7680_verify"": 4404.1, ""openssl_whirlpool_size_16384"": 170415590.0, ""#openssl_rsa_size_1024_verify"": 169156.8, ""#openssl_rsa_size_2048_verify"": 53858.2, ""#openssl_rsa_size_4096_verify"": 14860.8, ""openssl_camellia_128_size_256"": 186459660.0, ""openssl_camellia_192_size_256"": 140505940.0, ""openssl_camellia_256_size_256"": 140468060.0, ""openssl_rsa_size_15360_verify"": 1122.3, ""openssl_camellia_128_size_1024"": 191671150.0, ""openssl_camellia_128_size_8192"": 193793030.0, ""openssl_camellia_192_size_1024"": 143360340.0, ""openssl_camellia_192_size_8192"": 144575060.0, ""openssl_camellia_256_size_1024"": 143469960.0, ""openssl_camellia_256_size_8192"": 144566810.0, ""openssl_ecdh_nistp224_size_224"": 3249.7, ""openssl_ecdh_nistp256_size_256"": 18551.2, ""openssl_ecdh_nistp384_size_384"": 1114.1, ""openssl_ecdh_nistp521_size_521"": 493.9, ""openssl_camellia_128_size_16384"": 193902990.0, ""openssl_camellia_192_size_16384"": 144696010.0, ""openssl_camellia_256_size_16384"": 144663020.0, ""openssl_EdDSA_Ed448_size_456_sign"": 3493.4, ""openssl_EdDSA_Ed25519_size_253_sign"": 30400.0, ""openssl_EdDSA_Ed448_size_456_verify"": 2080.5, ""openssl_ecdsa_nistp224_size_224_sign"": 3103.9, ""openssl_ecdsa_nistp256_size_256_sign"": 44159.2, ""openssl_ecdsa_nistp384_size_384_sign"": 1067.8, ""openssl_ecdsa_nistp521_size_521_sign"": 472.9, ""openssl_EdDSA_Ed25519_size_253_verify"": 9163.7, ""openssl_ecdsa_nistp224_size_224_verify"": 3444.4, ""openssl_ecdsa_nistp256_size_256_verify"": 14107.5, ""openssl_ecdsa_nistp384_size_384_verify"": 1314.2, ""openssl_ecdsa_nistp521_size_521_verify"": 607.8}","{""model"": null}",119156,321071,321072,"{""cvm_cpu"": ""32"", ""platform"": ""qcloud"", ""test_name"": ""openssl_baseline"", ""tool_name"": ""openssl"", ""cvm_memory"": ""64 GB"", ""cvm_cpu_qos"": true, ""cvm_os_type"": ""CentOS Linux release 8.2.2004 (Core)"", ""cvm_version"": ""name_6"", ""cvm_cpu_type"": ""name_4"", ""tool_version"": ""1.1.1k"", ""host_cpu_type"": ""name_5"", ""component_name"": ""cvm"", ""host_memory_type"": ""name_7"", ""component_version"": ""default"", ""host_cpu_isolation"": {""host"": {""vm"": """", ""name_8"": ""4-5,10-11"", ""host"": ""0-3"", ""spdk"": ""6-9""}}, ""host_manufacturer_name"": ""name_3""}",73204712,353603,11153291,"{""cluster"": {""server"": 144465}, ""tool_env"": {""openssl"": [43640]}, ""component"": {""openssl"": [43641]}}"
2,222630,default,"{""#ls_time"": 18}",{},61693,148524,2562,"{""dd"": ""name_11"", ""cvm_cpu"": ""1"", ""platform"": ""default"", ""test_name"": ""demo"", ""tool_name"": ""ls"", ""cvm_memory"": ""2 GB"", ""cvm_version"": ""name_11"", ""cvm_cpu_type"": ""name_9"", ""tool_version"": ""1.0"", ""host_cpu_type"": ""name_9"", ""component_name"": ""cvm"", ""host_memory_type"": ""name_12"", ""component_version"": ""name_11"", ""host_cpu_isolation"": {""host"": {""vm"": ""1-3,5-22,25-27,29-46,49-51,53-70,73-75,77-94"", ""dpdk"": ""23,47,71,95"", ""host"": ""0,48"", ""spdk"": ""4,24,28,52,72,76""}}, ""host_manufacturer_name"": ""name_10""}",2ca775be-329c-49ca-aba8-5c3053674e50,qta_task_result,14525532,"{""component"": {""ls"": [16997]}}"
3,222892,default,"{""#ls_time"": 18}",{},61813,148524,2562,"{""dd"": ""name_11"", ""cvm_cpu"": ""1"", ""platform"": ""default"", ""test_name"": ""demo"", ""tool_name"": ""ls"", ""cvm_memory"": ""2 GB"", ""cvm_version"": ""name_11"", ""cvm_cpu_type"": ""name_9"", ""tool_version"": ""1.0"", ""host_cpu_type"": ""name_9"", ""component_name"": ""cvm"", ""host_memory_type"": ""name_12"", ""component_version"": ""name_11"", ""host_cpu_isolation"": {""host"": {""vm"": ""1-3,5-22,25-27,29-46,49-51,53-70,73-75,77-94"", ""dpdk"": ""23,47,71,95"", ""host"": ""0,48"", ""spdk"": ""4,24,28,52,72,76""}}, ""host_manufacturer_name"": ""name_10""}",f8838178-87ef-471d-90da-2008528fe0d4,qta_task_result,14525532,"{""component"": {""ls"": [17125]}}"
4,208509,specific_actions=idle_latency,"{""#mlc_idle_latency"": 90.6}","{""install_path"": ""~"", ""specific_actions"": ""idle_latency""}",57252,157805,157806,"{""cvm_cpu"": ""8"", ""platform"": ""default"", ""test_name"": ""mlc_baseline"", ""tool_name"": ""mlc"", ""cvm_memory"": ""16 GB"", ""cvm_os_type"": ""CentOS Linux release 7.2 (Final)"", ""cvm_version"": null, ""name_13"": ""name_9"", ""tool_version"": ""3.8"", ""component_name"": ""cvm"", ""component_version"": ""default""}",22809804,102284,3483670,"{""cluster"": {""server"": 57644}, ""tool_env"": {""mlc"": [14061]}, ""component"": {""mlc"": [14062]}}"
5,347022,default,"{""#pgbench_TPC_B"": 6567, ""#pgbench_TRIMMED"": 8341, ""#pgbench_SELECT_ONLY"": 632609}","{""hostname"": ""127.0.0.1""}",99500,259613,259614,"{""cvm_cpu"": ""62"", ""platform"": ""qcloud"", ""test_name"": ""pgbench_baseline"", ""tool_name"": ""pgbench"", ""cvm_memory"": ""214 GB"", ""cvm_cpu_qos"": true, ""cvm_os_type"": ""CentOS Linux release 8.2.2004 (Core)"", ""cvm_version"": ""name_1"", ""cvm_cpu_type"": ""name_0"", ""tool_version"": ""1"", ""host_cpu_type"": ""name_0"", ""component_name"": ""cvm"", ""host_memory_type"": ""name_2"", ""component_version"": ""default"", ""host_cpu_isolation"": {""host"": {""vm"": ""2-32,38-68,74-104,110-140"", ""dpdk"": ""33-35,69-71,105-107,141-143"", ""host"": ""0-1,36-37"", ""spdk"": ""72-73,108-109""}}, ""host_manufacturer_name"": ""name_3""}",58488000,289263,8748610,"{""cluster"": {""server"": 113223}, ""tool_env"": {""pgbench"": [36010]}, ""component"": {""pgbench"": [36011]}}"
6,347043,test_1kb[keep_alive=False],"{""#wrk_qps_avg"": 74599.12, ""wrk_errors_str"": {""read"": 0, ""write"": 0, ""connect"": 0, ""timeout"": 211}, ""wrk_latency_avg"": 10.99, ""wrk_latency_max"": 3340.0, ""wrk_transfer_sec"": 89.5, ""wrk_latency_stdev"": 64.12, ""wrk_latency_distribution_90"": 7.55}","{""https"": false, ""thread"": 62, ""duration"": 30, ""test_item"": ""1kb"", ""connection"": 6200, ""keep_alive"": false, ""net_params"": ""default""}",99509,259627,259626,"{""cvm_cpu"": ""62"", ""platform"": ""qcloud"", ""test_name"": ""nginx_wrk_accept_mutex_tune_baseline"", ""tool_name"": ""nginx_wrk"", ""cvm_memory"": ""214 GB"", ""cvm_cpu_qos"": true, ""cvm_os_type"": ""CentOS Linux release 8.2.2004 (Core)"", ""cvm_version"": ""name_1"", ""cvm_cpu_type"": ""name_0"", ""tool_version"": ""1.16.4_4.1.0"", ""host_cpu_type"": ""name_0"", ""component_name"": ""cvm"", ""host_memory_type"": ""name_2"", ""component_version"": ""default"", ""host_cpu_isolation"": {""host"": {""vm"": ""2-32,38-68,74-104,110-140"", ""dpdk"": ""33-35,69-71,105-107,141-143"", ""host"": ""0-1,36-37"", ""spdk"": ""72-73,108-109""}}, ""host_manufacturer_name"": ""name_3""}",58488001,289263,8748610,"{""cluster"": {""server"": 113223}, ""tool_env"": {""nginx_wrk"": [36010]}, ""component"": {""nginx_wrk"": [36011]}}"
7,426199,"duration=300,mode=cpu,threads=1","{""#sysbench_events_per_second"": 3567}","{""mode"": ""cpu"", ""threads"": 1, ""duration"": 300}",119165,321073,321074,"{""cvm_cpu"": ""48"", ""platform"": ""qcloud"", ""test_name"": ""sysbench_cpu_baseline"", ""tool_name"": ""sysbench"", ""cvm_memory"": ""96 GB"", ""cvm_os_type"": ""CentOS Linux release 8.2"", ""cvm_version"": ""name_14"", ""tool_version"": ""1.0.17"", ""component_name"": ""cvm"", ""component_version"": ""default""}",73257080,353809,11162489,"{""cluster"": {""server"": 144789}, ""tool_env"": {""sysbench"": [43685]}, ""component"": {""sysbench"": [43686]}}"
8,502313,"max_times=9000000,timing_delta=999000,sleep_time=5","{""#hrtimer_avg"": 3210, ""#hrtimer_max"": 1004011, ""#hrtimer_min"": 82, ""#hrtimer_overflow"": 13}","{""max_times"": 9000000, ""sleep_time"": 5, ""timing_delta"": 999000}",136121,377077,377078,"{""cvm_cpu"": ""92"", ""platform"": ""qcloud"", ""test_name"": ""hrtimer_baseline"", ""tool_name"": ""hrtimer"", ""cvm_memory"": ""432 GB"", ""cvm_cpu_qos"": true, ""cvm_os_type"": ""CentOS Linux release 8.2.2004 (Core)"", ""cvm_version"": ""name_6"", ""cvm_cpu_type"": ""name_15"", ""tool_version"": ""1.0.0"", ""host_cpu_type"": ""name_15"", ""component_name"": ""cvm"", ""host_memory_type"": ""name_16"", ""component_version"": ""default"", ""host_cpu_isolation"": {""host"": {""vm"": ""2-24,30-52,58-80,86-108"", ""dpdk"": ""25-27,53-55,81-83,109-111"", ""host"": ""0-1,28-29"", ""spdk"": ""56-57,84-85""}}, ""host_manufacturer_name"": ""name_3""}",92795906,425541,14324673,"{""cluster"": {""server"": 167968}, ""tool_env"": {""hrtimer"": [49428]}, ""component"": {""hrtimer"": [49429]}}"
9,347023,scale=5000,"{""#super_pi_sys_time"": 0.001, ""#super_pi_real_time"": 19.947, ""#super_pi_user_time"": 19.943}","{""scale"": 5000, ""background"": false}",99501,259615,259616,"{""cvm_cpu"": ""4"", ""platform"": ""qcloud"", ""test_name"": ""super_pi_baseline"", ""tool_name"": ""super_pi"", ""cvm_memory"": ""8 GB"", ""cvm_os_type"": ""CentOS Linux release 7.4.1708 (Core)"", ""cvm_version"": null, ""name_13"": ""name_9"", ""tool_version"": ""default"", ""component_name"": ""cvm"", ""component_version"": ""default""}",58535875,137437,8759121,"{""cluster"": {""server"": 108160}, ""tool_env"": {""super_pi"": [33917]}, ""component"": {""super_pi"": [33918]}}"
10,347044,test_only_string_return,"{""#wrk_qps_avg"": 4468405.64, ""wrk_latency_avg"": 0.766, ""wrk_latency_max"": 3330.0, ""wrk_transfer_sec"": 647.52, ""wrk_latency_stdev"": 4.59, ""wrk_latency_distribution_90"": 0.91}","{""https"": false, ""thread"": 62, ""duration"": 30, ""test_item"": ""only_string_return"", ""connection"": 6200, ""keep_alive"": true, ""net_params"": ""default""}",99509,259627,259626,"{""cvm_cpu"": ""62"", ""platform"": ""qcloud"", ""test_name"": ""nginx_wrk_accept_mutex_tune_baseline"", ""tool_name"": ""nginx_wrk"", ""cvm_memory"": ""214 GB"", ""cvm_cpu_qos"": true, ""cvm_os_type"": ""CentOS Linux release 8.2.2004 (Core)"", ""cvm_version"": ""name_1"", ""cvm_cpu_type"": ""name_0"", ""tool_version"": ""1.16.4_4.1.0"", ""host_cpu_type"": ""name_0"", ""component_name"": ""cvm"", ""host_memory_type"": ""name_2"", ""component_version"": ""default"", ""host_cpu_isolation"": {""host"": {""vm"": ""2-32,38-68,74-104,110-140"", ""dpdk"": ""33-35,69-71,105-107,141-143"", ""host"": ""0-1,36-37"", ""spdk"": ""72-73,108-109""}}, ""host_manufacturer_name"": ""name_3""}",58488001,289263,8748610,"{""cluster"": {""server"": 113223}, ""tool_env"": {""nginx_wrk"": [36010]}, ""component"": {""nginx_wrk"": [36011]}}"
11,350170,test_1kb,"{""#wrk_qps_avg"": 373061.7, ""wrk_latency_avg"": 4.09, ""wrk_latency_max"": 2250.0, ""wrk_transfer_sec"": 449.33, ""wrk_latency_stdev"": 20.9, ""wrk_latency_distribution_90"": 3.5}","{""https"": false, ""thread"": 16, ""duration"": 30, ""test_item"": ""1kb"", ""connection"": 1600, ""keep_alive"": true, ""net_params"": ""default""}",100889,261950,261949,"{""runtime"": ""docker"", ""node_cpu"": ""16"", ""cpu_limit"": 0, ""node_nums"": 2, ""test_name"": ""nginx_wrk_tune_baseline"", ""tool_name"": ""nginx_wrk"", ""k8s_version"": ""v1.18.4-tke.8"", ""node_memory"": ""32 GB"", ""mem_limit_mb"": 0.0, ""node_os_name"": ""Tencent Linux release 2.4 (Final)"", ""tool_version"": ""1.16.7_4.1.0"", ""netPluginType"": ""VPC-CNI-exclusive"", ""component_name"": ""tke"", ""node_os_kernel"": ""4.14.105-19-0020.1.bs"", ""runtime_version"": ""19.3.9"", ""component_version"": ""debug"", ""tke_cvm_sold_type"": ""S5""}",59817275,294749,8962201,"{""cluster"": {""server"": 116007}, ""component"": {""nginx_wrk"": [34718]}, ""component_env"": {""nginx_wrk"": [36887]}}"
12,351291,"dbDriver=mysql,mode=read,numThreads=4,tableNum=50,tableSize=2000000","{""#sysbench_mysql_tps"": 1340.75}","{""mode"": ""read"", ""dbDriver"": ""mysql"", ""tableNum"": 50, ""tableSize"": 2000000, ""numThreads"": 4}",101365,262715,262716,"{""cvm_cpu"": ""4"", ""platform"": ""qcloud"", ""test_name"": ""sysbench_mysql_baseline"", ""tool_name"": ""sysbench"", ""cvm_memory"": ""16 GB"", ""cvm_cpu_qos"": true, ""cvm_os_type"": ""TencentOS Server 3.2 (Final)"", ""cvm_version"": ""name_17"", ""cvm_cpu_type"": ""name_0"", ""tool_version"": ""1.0.17"", ""host_cpu_type"": ""name_0"", ""component_name"": ""cvm"", ""host_memory_type"": ""name_18"", ""component_version"": ""default"", ""host_cpu_isolation"": {""host"": {""vm"": ""2-32,38-68,74-104,110-140"", ""dpdk"": ""33-35,69-71,105-107,141-143"", ""host"": ""0-1,36-37"", ""spdk"": ""72-73,108-109""}}, ""host_manufacturer_name"": ""name_3""}",59987316,295163,8998476,"{""cluster"": {""server"": 116045}, ""tool_env"": {""sysbench"": [37014]}, ""component"": {""sysbench"": [37015]}}"
13,347024,scale=5000,"{""#super_pi_sys_time"": 0.015, ""#super_pi_real_time"": 20.002, ""#super_pi_user_time"": 19.977}","{""scale"": 5000, ""background"": false}",99502,259617,259618,"{""cvm_cpu"": ""4"", ""platform"": ""qcloud"", ""test_name"": ""super_pi_baseline"", ""tool_name"": ""super_pi"", ""cvm_memory"": ""8 GB"", ""cvm_os_type"": ""CentOS Linux release 7.4.1708 (Core)"", ""cvm_version"": null, ""name_13"": ""name_9"", ""tool_version"": ""default"", ""component_name"": ""cvm"", ""component_version"": ""default""}",58535876,137437,8759121,"{""cluster"": {""server"": 108160}, ""tool_env"": {""super_pi"": [33917]}, ""component"": {""super_pi"": [33918]}}"
14,347047,scale=5000,"{""#super_pi_sys_time"": 0.001, ""#super_pi_real_time"": 19.98, ""#super_pi_user_time"": 19.978}","{""scale"": 5000, ""background"": false}",99510,259628,259629,"{""cvm_cpu"": ""4"", ""platform"": ""qcloud"", ""test_name"": ""super_pi_baseline"", ""tool_name"": ""super_pi"", ""cvm_memory"": ""8 GB"", ""cvm_os_type"": ""CentOS Linux release 7.4.1708 (Core)"", ""cvm_version"": null, ""name_13"": ""name_9"", ""tool_version"": ""default"", ""component_name"": ""cvm"", ""component_version"": ""default""}",58537789,137437,8759605,"{""cluster"": {""server"": 108160}, ""tool_env"": {""super_pi"": [33917]}, ""component"": {""super_pi"": [33918]}}"
15,347045,test_only_string_return[keep_alive=False],"{""#wrk_qps_avg"": 99432.8, ""wrk_errors_str"": {""read"": 0, ""write"": 0, ""connect"": 0, ""timeout"": 82}, ""wrk_latency_avg"": 9.17, ""wrk_latency_max"": 3330.0, ""wrk_transfer_sec"": 13.94, ""wrk_latency_stdev"": 58.74, ""wrk_latency_distribution_90"": 5.66}","{""https"": false, ""thread"": 62, ""duration"": 30, ""test_item"": ""only_string_return"", ""connection"": 6200, ""keep_alive"": false, ""net_params"": ""default""}",99509,259627,259626,"{""cvm_cpu"": ""62"", ""platform"": ""qcloud"", ""test_name"": ""nginx_wrk_accept_mutex_tune_baseline"", ""tool_name"": ""nginx_wrk"", ""cvm_memory"": ""214 GB"", ""cvm_cpu_qos"": true, ""cvm_os_type"": ""CentOS Linux release 8.2.2004 (Core)"", ""cvm_version"": ""name_1"", ""cvm_cpu_type"": ""name_0"", ""tool_version"": ""1.16.4_4.1.0"", ""host_cpu_type"": ""name_0"", ""component_name"": ""cvm"", ""host_memory_type"": ""name_2"", ""component_version"": ""default"", ""host_cpu_isolation"": {""host"": {""vm"": ""2-32,38-68,74-104,110-140"", ""dpdk"": ""33-35,69-71,105-107,141-143"", ""host"": ""0-1,36-37"", ""spdk"": ""72-73,108-109""}}, ""host_manufacturer_name"": ""name_3""}",58488001,289263,8748610,"{""cluster"": {""server"": 113223}, ""tool_env"": {""nginx_wrk"": [36010]}, ""component"": {""nginx_wrk"": [36011]}}"
16,350171,"test_only_string_return[keep_alive=False,net_params=default,thread=16,connection=1600,https=False,duration=600]","{""#wrk_qps_avg"": 79303.53, ""wrk_errors_str"": {""read"": 834, ""write"": 0, ""connect"": 0, ""timeout"": 0}, ""wrk_latency_avg"": 8.79, ""wrk_latency_max"": 680.57, ""wrk_transfer_sec"": 11.12, ""wrk_latency_stdev"": 8.57, ""wrk_latency_distribution_90"": 16.81}","{""https"": false, ""thread"": 16, ""duration"": 600, ""test_item"": ""only_string_return"", ""connection"": 1600, ""keep_alive"": false, ""net_params"": ""default""}",100890,261951,261952,"{""runtime"": ""docker"", ""node_cpu"": ""16"", ""cpu_limit"": 0, ""node_nums"": 2, ""test_name"": ""nginx_wrk_monitor_baseline"", ""tool_name"": ""nginx_wrk"", ""k8s_version"": ""v1.18.4-tke.8"", ""node_memory"": ""32 GB"", ""mem_limit_mb"": 0.0, ""node_os_name"": ""Tencent Linux release 2.4 (Final)"", ""tool_version"": ""1.16.7_4.1.0"", ""netPluginType"": ""VPC-CNI-exclusive"", ""component_name"": ""tke"", ""node_os_kernel"": ""4.14.105-19-0020.1.bs"", ""runtime_version"": ""19.3.9"", ""component_version"": ""debug"", ""tke_cvm_sold_type"": ""S5""}",59817278,294749,8962201,"{""cluster"": {""server"": 116007}, ""component"": {""nginx_wrk"": [34718]}, ""component_env"": {""nginx_wrk"": [36888]}}"
17,350172,default,"{""#ls_time"": 18}",{},100891,148524,2562,"{""dd"": ""name_11"", ""cvm_cpu"": ""1"", ""platform"": ""default"", ""test_name"": ""demo"", ""tool_name"": ""ls"", ""cvm_memory"": ""2 GB"", ""cvm_os_type"": ""CentOS Linux release 7.6.1810 (Core)"", ""cvm_version"": ""name_11"", ""cvm_cpu_type"": ""name_9"", ""tool_version"": ""1.0"", ""host_cpu_type"": ""name_9"", ""component_name"": ""cvm"", ""host_memory_type"": ""name_12"", ""component_version"": ""name_11"", ""host_cpu_isolation"": {""host"": {""vm"": ""1-3,5-22,25-27,29-46,49-51,53-70,73-75,77-94"", ""dpdk"": ""23,47,71,95"", ""host"": ""0,48"", ""spdk"": ""4,24,28,52,72,76""}}, ""host_manufacturer_name"": ""name_10""}",6129e5dd-1175-424c-9e96-837e422002cf,qta_task_result,14525532,"{""component"": {""ls"": [36889]}}"
18,347025,default,"{""#pgbench_TPC_B"": 6523, ""#pgbench_TRIMMED"": 10222, ""#pgbench_SELECT_ONLY"": 661980}","{""hostname"": ""127.0.0.1""}",99503,259619,259620,"{""cvm_cpu"": ""62"", ""platform"": ""qcloud"", ""test_name"": ""pgbench_baseline"", ""tool_name"": ""pgbench"", ""cvm_memory"": ""212 GB"", ""cvm_cpu_qos"": true, ""cvm_os_type"": ""CentOS Linux release 8.2.2004 (Core)"", ""cvm_version"": ""name_17"", ""cvm_cpu_type"": ""name_0"", ""tool_version"": ""1"", ""host_cpu_type"": ""name_0"", ""component_name"": ""cvm"", ""host_memory_type"": ""name_18"", ""component_version"": ""default"", ""host_cpu_isolation"": {""host"": {""vm"": ""2-32,38-68,74-104,110-140"", ""dpdk"": ""33-35,69-71,105-107,141-143"", ""host"": ""0-1,36-37"", ""spdk"": ""72-73,108-109""}}, ""host_manufacturer_name"": ""name_3""}",58531595,289259,8747865,"{""cluster"": {""server"": 113123}, ""tool_env"": {""pgbench"": [36267]}, ""component"": {""pgbench"": [36268]}}"
19,348116,ping_flood_default[packet_size=1400],"{""#ping_avg"": 0.042959999999999984, ""#ping_max"": 4.05, ""#ping_min"": 0.04, ""#ping_flood_1ms"": 33, ""ping_flood_1ms_list"": [1, 0, 0, 0, 1, 2, 0, 0, 1, 1, 0, 0, 2, 0, 0, 1, 2, 1, 2, 0, 0, 0, 1, 2, 0, 1, 0, 2, 3, 0, 0, 0, 0, 0, 2, 0, 0, 0, 0, 0, 0, 2, 1, 0, 1, 0, 4, 0, 0, 0], ""ping_flood_max_delay_list"": [4.04, 0.929, 0.296, 0.93, 1.01, 1.15, 0.19, 0.176, 1.08, 4.05, 0.924, 0.906, 4.04, 0.89, 0.902, 1.25, 1.23, 1.03, 1.14, 0.922, 0.935, 0.953, 1.15, 4.04, 0.442, 4.04, 0.177, 1.14, 4.04, 0.904, 0.962, 0.955, 0.17, 0.891, 4.05, 0.735, 0.822, 0.986, 0.992, 0.993, 0.198, 1.15, 1.21, 0.204, 1.42, 0.195, 1.18, 0.954, 0.923, 0.994]}","{""ipv6"": false, ""bind_core"": """", ""name_19"": ""flood"", ""all_packet"": 50000000, ""packet_size"": 1400, ""repeat_count"": 50, ""per_run_packet"": 1000000}",100070,260520,260521,"{""cvm_cpu"": ""96"", ""platform"": ""qcloud"", ""test_name"": ""ping_baseline"", ""tool_name"": ""ping"", ""cvm_memory"": ""376 GB"", ""cvm_os_type"": ""CentOS Linux release 7.6.1810 (Core)"", ""cvm_version"": ""name_20"", ""cvm_cpu_type"": ""name_9"", ""tool_version"": ""s20161105"", ""component_name"": ""cvm"", ""component_version"": ""default""}",59008850,291227,8837752,"{""cluster"": {""server"": 115019}, ""tool_env"": {""ping"": [36544]}, ""component"": {""ping"": [36545]}}"
20,350173,default,"{""#ls_time"": 18}",{},100892,148524,2562,"{""dd"": ""name_11"", ""cvm_cpu"": ""1"", ""platform"": ""default"", ""test_name"": ""demo"", ""tool_name"": ""ls"", ""cvm_memory"": ""2 GB"", ""cvm_os_type"": ""CentOS Linux release 7.6.1810 (Core)"", ""cvm_version"": ""name_11"", ""cvm_cpu_type"": ""name_9"", ""tool_version"": ""1.0"", ""host_cpu_type"": ""name_9"", ""component_name"": ""cvm"", ""host_memory_type"": ""name_12"", ""component_version"": ""name_11"", ""host_cpu_isolation"": {""host"": {""vm"": ""1-3,5-22,25-27,29-46,49-51,53-70,73-75,77-94"", ""dpdk"": ""23,47,71,95"", ""host"": ""0,48"", ""spdk"": ""4,24,28,52,72,76""}}, ""host_manufacturer_name"": ""name_10""}",a7fec718-6fcb-412e-97e6-f2960a0a8365,qta_task_result,14525532,"{""component"": {""ls"": [36890]}}"
21,351292,default,"{""#tcpping_latency_avg"": 0.111, ""#tcpping_latency_max"": 0.155, ""#tcpping_latency_min"": 0.082, ""#tcpping_latency_stdev"": 0.013, ""#tcpping_distribution_50"": 0.11, ""#tcpping_distribution_90"": 0.129, ""#tcpping_distribution_99"": 0.141, ""#tcpping_distribution_999"": 0.147}","{""ipv6"": false, ""count"": 2400, ""timeout"": 5.0, ""interval"": 0.5}",100154,262717,262718,"{""cvm_cpu"": ""192"", ""platform"": ""qcloud"", ""test_name"": ""tcpping_baseline"", ""tool_name"": ""tcpping"", ""cvm_memory"": ""712 GB"", ""cvm_os_type"": ""Tencent tlinux release 3.2 (Final)"", ""cvm_version"": ""name_22"", ""cvm_cpu_type"": ""name_21"", ""tool_version"": ""1.7"", ""component_name"": ""cvm"", ""component_version"": ""default""}",60033818,295304,9007604,"{""cluster"": {""server"": 115060}, ""tool_env"": {""tcpping"": [37046]}, ""component"": {""tcpping"": [37047]}}"
22,220011,default,"{""#ls_time"": 18}",{},60516,148524,2562,"{""dd"": ""name_11"", ""cvm_cpu"": ""1"", ""platform"": ""default"", ""test_name"": ""demo"", ""tool_name"": ""ls"", ""cvm_memory"": ""2 GB"", ""cvm_version"": ""name_11"", ""cvm_cpu_type"": ""name_9"", ""tool_version"": ""1.0"", ""host_cpu_type"": ""name_9"", ""component_name"": ""cvm"", ""host_memory_type"": ""name_12"", ""component_version"": ""name_11"", ""host_cpu_isolation"": {""host"": {""vm"": ""1-3,5-22,25-27,29-46,49-51,53-70,73-75,77-94"", ""dpdk"": ""23,47,71,95"", ""host"": ""0,48"", ""spdk"": ""4,24,28,52,72,76""}}, ""host_manufacturer_name"": ""name_10""}",f4c3ac2f-d623-477f-a9b3-ffc4a0c385e8,qta_task_result,14525532,"{""component"": {""ls"": [16200]}}"
23,222631,default,"{""#ls_time"": 18}",{},61694,148524,2562,"{""dd"": ""name_11"", ""cvm_cpu"": ""1"", ""platform"": ""default"", ""test_name"": ""demo"", ""tool_name"": ""ls"", ""cvm_memory"": ""2 GB"", ""cvm_version"": ""name_11"", ""cvm_cpu_type"": ""name_9"", ""tool_version"": ""1.0"", ""host_cpu_type"": ""name_9"", ""component_name"": ""cvm"", ""host_memory_type"": ""name_12"", ""component_version"": ""name_11"", ""host_cpu_isolation"": {""host"": {""vm"": ""1-3,5-22,25-27,29-46,49-51,53-70,73-75,77-94"", ""dpdk"": ""23,47,71,95"", ""host"": ""0,48"", ""spdk"": ""4,24,28,52,72,76""}}, ""host_manufacturer_name"": ""name_10""}",d9f865f6-6016-48d0-8501-fb635c192b14,qta_task_result,14525532,"{""component"": {""ls"": [16998]}}"
24,347026,duration=300;pkgSpeed=200000,"{""tymydclient_qps"": 29468.0, ""tymydclient_RecvPkg"": 1547520.0, ""tymydclient_SendPkg"": 1568814.0, ""tymydclient_SendFail"": 0.0, ""#tymydclient_TimelyQps"": 233529.0, ""tymydclient_ReconnectTimes"": 0.0, ""tymydclient_TimelySendFail"": 0.0, ""tymydclient_TimelyAverageDelay"": 45.0}","{""host"": ""127.0.0.1"", ""duration"": 300, ""pkgSpeed"": 200000, ""onlineNum"": 1000}",99504,259621,259622,"{""cvm_cpu"": ""124"", ""platform"": ""qcloud"", ""test_name"": ""tymyd_baseline"", ""tool_name"": ""tymydclient"", ""cvm_memory"": ""424 GB"", ""cvm_cpu_qos"": true, ""cvm_os_type"": ""CentOS Linux release 8.2.2004 (Core)"", ""cvm_version"": ""name_17"", ""cvm_cpu_type"": ""name_0"", ""tool_version"": ""1.0"", ""host_cpu_type"": ""name_0"", ""component_name"": ""cvm"", ""host_memory_type"": ""name_18"", ""component_version"": ""default"", ""host_cpu_isolation"": {""host"": {""vm"": ""2-32,38-68,74-104,110-140"", ""dpdk"": ""33-35,69-71,105-107,141-143"", ""host"": ""0-1,36-37"", ""spdk"": ""72-73,108-109""}}, ""host_manufacturer_name"": ""name_3""}",58531646,289260,8747899,"{""cluster"": {""server"": 114034}, ""tool_env"": {""tymydclient"": [36269]}, ""component"": {""tymydclient"": [36270]}}"
25,347046,test_1kb,"{""#wrk_qps_avg"": 1528173.43, ""wrk_latency_avg"": 3.45, ""wrk_latency_max"": 419.26, ""wrk_transfer_sec"": 1843.2, ""wrk_latency_stdev"": 4.03, ""wrk_latency_distribution_90"": 7.68}","{""https"": false, ""thread"": 62, ""duration"": 30, ""test_item"": ""1kb"", ""connection"": 6200, ""keep_alive"": true, ""net_params"": ""default""}",99509,259627,259626,"{""cvm_cpu"": ""62"", ""platform"": ""qcloud"", ""test_name"": ""nginx_wrk_accept_mutex_tune_baseline"", ""tool_name"": ""nginx_wrk"", ""cvm_memory"": ""214 GB"", ""cvm_cpu_qos"": true, ""cvm_os_type"": ""CentOS Linux release 8.2.2004 (Core)"", ""cvm_version"": ""name_1"", ""cvm_cpu_type"": ""name_0"", ""tool_version"": ""1.16.4_4.1.0"", ""host_cpu_type"": ""name_0"", ""component_name"": ""cvm"", ""host_memory_type"": ""name_2"", ""component_version"": ""default"", ""host_cpu_isolation"": {""host"": {""vm"": ""2-32,38-68,74-104,110-140"", ""dpdk"": ""33-35,69-71,105-107,141-143"", ""host"": ""0-1,36-37"", ""spdk"": ""72-73,108-109""}}, ""host_manufacturer_name"": ""name_3""}",58488001,289263,8748610,"{""cluster"": {""server"": 113223}, ""tool_env"": {""nginx_wrk"": [36010]}, ""component"": {""nginx_wrk"": [36011]}}"
26,208506,cores_num=1;model=mq;timeout=60;type=benchmark,"{""#stress_ng_ops"": ""69330813"", ""stress_ng_sys_time"": ""98.66"", ""stress_ng_usr_time"": ""8.29"", ""stress_ng_real_time"": ""60.00"", ""#stress_ng_real_time_ops_per_s"": ""1155509.78"", ""#stress_ng_usr_sys_time_ops_per_s"": ""648254.45""}","{""type"": ""benchmark"", ""model"": ""mq"", ""timeout"": 60, ""cpu_load"": null, ""cores_num"": 1, ""background"": false, ""sleep_time"": 60, ""cores_factor"": null, ""interval_install_dir"": ""/data/stress_ng""}",57019,157803,157804,"{""cvm_cpu"": ""8"", ""platform"": ""default"", ""test_name"": ""stress_ng_debug"", ""tool_name"": ""stress_ng"", ""cvm_memory"": ""16 GB"", ""cvm_os_type"": ""CentOS Linux release 7.2 (Final)"", ""cvm_version"": null, ""name_13"": ""name_9"", ""tool_version"": ""0.07.29"", ""component_name"": ""cvm"", ""component_version"": ""default""}",22810328,102275,3483721,"{""cluster"": {""server"": 57516}, ""tool_env"": {""stress_ng"": [14093]}, ""component"": {""stress_ng"": [14094]}}"
27,261856,"gcc_oflag=O3,threads=1","{""#unixbench_api"": 2176}","{""threads"": 1, ""gcc_oflag"": ""O3""}",66902,188497,188498,"{""cvm_cpu"": ""16"", ""platform"": ""qcloud"", ""test_name"": ""unixbench_baseline"", ""tool_name"": ""unixbench"", ""cvm_memory"": ""32 GB"", ""cvm_os_type"": ""CentOS Linux release 8.2.2004 (Core)"", ""cvm_version"": null, ""name_23"": ""5.1.3a"", ""component_name"": ""cvm"", ""component_version"": ""default""}",e53cc351-572a-4b16-8721-61794301d636,20200120,1314521,"{""cluster"": {""server"": 73664}, ""tool_env"": {""unixbench"": [22415]}, ""component"": {""unixbench"": [22416]}}"
28,263193,mode=cpu,"{""#vray_render_time"": 21}","{""mode"": ""cpu"", ""quite"": true, ""exec_path"": ""/data/vraybench_1.0.8_lin_x64"", ""install_path"": ""/data""}",67403,189206,189207,"{""cvm_cpu"": ""90"", ""platform"": ""default"", ""test_name"": ""vray_baseline"", ""tool_name"": ""vray"", ""cvm_memory"": ""226 GB"", ""cvm_os_type"": ""CentOS Linux release 7.4.1708 (Core)"", ""cvm_version"": ""name_25"", ""cvm_cpu_type"": ""name_24"", ""tool_version"": ""V-Ray Benchmark 1.1.0"", ""component_name"": ""cvm"", ""component_version"": ""default""}",28679523,133490,4301025,"{""cluster"": {""server"": 74271}, ""tool_env"": {""vray"": [22641]}, ""component"": {""vray"": [22642]}}"
29,347027,duration=300;pkgSpeed=120000,"{""tymydclient_qps"": 17893.0, ""tymydclient_RecvPkg"": 848539.0, ""tymydclient_SendPkg"": 848539.0, ""tymydclient_SendFail"": 0.0, ""#tymydclient_TimelyQps"": 150725.0, ""tymydclient_ReconnectTimes"": 0.0, ""tymydclient_TimelySendFail"": 0.0, ""tymydclient_TimelyAverageDelay"": 45.0}","{""host"": ""127.0.0.1"", ""duration"": 300, ""pkgSpeed"": 120000, ""onlineNum"": 1000}",99504,259621,259622,"{""cvm_cpu"": ""124"", ""platform"": ""qcloud"", ""test_name"": ""tymyd_baseline"", ""tool_name"": ""tymydclient"", ""cvm_memory"": ""424 GB"", ""cvm_cpu_qos"": true, ""cvm_os_type"": ""CentOS Linux release 8.2.2004 (Core)"", ""cvm_version"": ""name_17"", ""cvm_cpu_type"": ""name_0"", ""tool_version"": ""1.0"", ""host_cpu_type"": ""name_0"", ""component_name"": ""cvm"", ""host_memory_type"": ""name_18"", ""component_version"": ""default"", ""host_cpu_isolation"": {""host"": {""vm"": ""2-32,38-68,74-104,110-140"", ""dpdk"": ""33-35,69-71,105-107,141-143"", ""host"": ""0-1,36-37"", ""spdk"": ""72-73,108-109""}}, ""host_manufacturer_name"": ""name_3""}",58531646,289260,8747899,"{""cluster"": {""server"": 114034}, ""tool_env"": {""tymydclient"": [36269]}, ""component"": {""tymydclient"": [36270]}}"
30,350174,scale=5000,"{""#super_pi_sys_time"": 0.016, ""#super_pi_real_time"": 19.953, ""#super_pi_user_time"": 19.934}","{""scale"": 5000, ""background"": false}",100893,261953,261954,"{""cvm_cpu"": ""4"", ""platform"": ""qcloud"", ""test_name"": ""super_pi_baseline"", ""tool_name"": ""super_pi"", ""cvm_memory"": ""8 GB"", ""cvm_os_type"": ""CentOS Linux release 7.4.1708 (Core)"", ""cvm_version"": null, ""name_13"": ""name_9"", ""tool_version"": ""default"", ""component_name"": ""cvm"", ""component_version"": ""default""}",59883523,137437,8973223,"{""cluster"": {""server"": 108160}, ""tool_env"": {""super_pi"": [33917]}, ""component"": {""super_pi"": [33918]}}"
31,347028,duration=300;pkgSpeed=240000,"{""tymydclient_qps"": 54329.0, ""tymydclient_RecvPkg"": 2859743.0, ""tymydclient_SendPkg"": 2880000.0, ""tymydclient_SendFail"": 0.0, ""#tymydclient_TimelyQps"": 284188.0, ""tymydclient_ReconnectTimes"": 0.0, ""tymydclient_TimelySendFail"": 0.0, ""tymydclient_TimelyAverageDelay"": 86.0}","{""host"": ""127.0.0.1"", ""duration"": 300, ""pkgSpeed"": 240000, ""onlineNum"": 1000}",99504,259621,259622,"{""cvm_cpu"": ""124"", ""platform"": ""qcloud"", ""test_name"": ""tymyd_baseline"", ""tool_name"": ""tymydclient"", ""cvm_memory"": ""424 GB"", ""cvm_cpu_qos"": true, ""cvm_os_type"": ""CentOS Linux release 8.2.2004 (Core)"", ""cvm_version"": ""name_17"", ""cvm_cpu_type"": ""name_0"", ""tool_version"": ""1.0"", ""host_cpu_type"": ""name_0"", ""component_name"": ""cvm"", ""host_memory_type"": ""name_18"", ""component_version"": ""default"", ""host_cpu_isolation"": {""host"": {""vm"": ""2-32,38-68,74-104,110-140"", ""dpdk"": ""33-35,69-71,105-107,141-143"", ""host"": ""0-1,36-37"", ""spdk"": ""72-73,108-109""}}, ""host_manufacturer_name"": ""name_3""}",58531646,289260,8747899,"{""cluster"": {""server"": 114034}, ""tool_env"": {""tymydclient"": [36269]}, ""component"": {""tymydclient"": [36270]}}"
32,426201,cores_num=1;model=cpu;timeout=60;type=benchmark,"{""#stress_ng_ops"": 65445.0, ""stress_ng_cpu_pi"": 25926276.0, ""stress_ng_cpu_fft"": 92307.0, ""stress_ng_cpu_gcd"": 189962.0, ""stress_ng_cpu_jmp"": 8217612.0, ""stress_ng_cpu_ln2"": 6769796.0, ""stress_ng_cpu_phi"": 1261119772.0, ""stress_ng_cpu_pjw"": 5490157.0, ""stress_ng_cpu_psi"": 348562713.0, ""stress_ng_cpu_rgb"": 3904528.0, ""stress_ng_cpu_gray"": 1570763.0, ""stress_ng_cpu_idct"": 5011687.0, ""stress_ng_cpu_int8"": 4256559.0, ""stress_ng_cpu_loop"": 1374586.0, ""stress_ng_cpu_rand"": 1146805.0, ""stress_ng_cpu_sdbm"": 8576445.0, ""stress_ng_cpu_sqrt"": 1042300.0, ""stress_ng_cpu_trig"": 81232.0, ""stress_ng_cpu_zeta"": 64906.0, ""stress_ng_sys_time"": 0.0, ""stress_ng_usr_time"": 59.75, ""stress_ng_cpu_crc16"": 9932.0, ""stress_ng_cpu_djb2a"": 8391056.0, ""stress_ng_cpu_euler"": 1624945620.0, ""stress_ng_cpu_float"": 2573465.0, ""stress_ng_cpu_fnv1a"": 8350885.0, ""stress_ng_cpu_gamma"": 23916.0, ""stress_ng_cpu_hanoi"": 16331.0, ""stress_ng_cpu_int16"": 4365662.0, ""stress_ng_cpu_int32"": 4267733.0, ""stress_ng_cpu_int64"": 4279952.0, ""stress_ng_cpu_nsqrt"": 1994715.0, ""stress_ng_cpu_omega"": 237553445.0, ""stress_ng_cpu_prime"": 30849.0, ""stress_ng_cpu_sieve"": 218749.0, ""stress_ng_cpu_union"": 976316.0, ""stress_ng_real_time"": 60.0, ""stress_ng_cpu_bitops"": 304591.0, ""stress_ng_cpu_cfloat"": 279303.0, ""stress_ng_cpu_dither"": 16873.0, ""stress_ng_cpu_double"": 698350.0, ""stress_ng_cpu_explog"": 12122.0, ""stress_ng_cpu_int128"": 1517929.0, ""stress_ng_cpu_jenkin"": 2283140.0, ""stress_ng_cpu_parity"": 1965779.0, ""stress_ng_cpu_queens"": 36523.0, ""stress_ng_cpu_rand48"": 368547.0, ""stress_ng_cpu_cdouble"": 928841.0, ""stress_ng_cpu_hamming"": 51793.0, ""stress_ng_cpu_callfunc"": 13966230.0, ""stress_ng_cpu_ackermann"": 57030.0, ""stress_ng_cpu_correlate"": 11959.0, ""stress_ng_cpu_fibonacci"": 1958883405.0, ""stress_ng_cpu_hyperbolic"": 94307.0, ""stress_ng_cpu_int32float"": 2478903.0, ""stress_ng_cpu_int64float"": 2555455.0, ""stress_ng_cpu_longdouble"": 87332.0, ""stress_ng_cpu_matrixprod"": 21950.0, ""stress_ng_cpu_clongdouble"": 3937.0, ""stress_ng_cpu_int128float"": 1641653.0, ""stress_ng_cpu_int32double"": 735294.0, ""stress_ng_cpu_int64double"": 741971.0, ""stress_ng_cpu_int128double"": 663479.0, ""stress_ng_cpu_int32longdouble"": 87580.0, ""stress_ng_cpu_int64longdouble"": 87789.0, ""#stress_ng_real_time_ops_per_s"": 1090.7, ""stress_ng_cpu_int128longdouble"": 87325.0, ""#stress_ng_usr_sys_time_ops_per_s"": 1095.31}","{""type"": ""benchmark"", ""model"": ""cpu"", ""timeout"": 60, ""cpu_load"": null, ""cores_num"": 1, ""background"": false, ""sleep_time"": 60, ""cores_factor"": null, ""interval_install_dir"": ""/data/stress_ng""}",119164,321069,321070,"{""cvm_cpu"": ""32"", ""platform"": ""qcloud"", ""test_name"": ""stress_ng_baseline"", ""tool_name"": ""stress_ng"", ""cvm_memory"": ""64 GB"", ""cvm_cpu_qos"": true, ""cvm_os_type"": ""CentOS Linux release 8.2.2004 (Core)"", ""cvm_version"": ""name_6"", ""cvm_cpu_type"": ""name_4"", ""tool_version"": ""0.12.04"", ""host_cpu_type"": ""name_5"", ""component_name"": ""cvm"", ""host_memory_type"": ""name_7"", ""component_version"": ""default"", ""host_cpu_isolation"": {""host"": {""vm"": """", ""name_8"": ""4-5,10-11"", ""host"": ""0-3"", ""spdk"": ""6-9""}}, ""host_manufacturer_name"": ""name_3""}",73196311,344521,11152014,"{""cluster"": {""server"": 144262}, ""tool_env"": {""stress_ng"": [43559]}, ""component"": {""stress_ng"": [43560]}}"
33,208510,cores_num=1;model=cpu;timeout=60;type=benchmark,"{""#stress_ng_ops"": ""13057"", ""stress_ng_cpu_pi"": ""82865934"", ""stress_ng_cpu_fft"": ""29247"", ""stress_ng_cpu_gcd"": ""106291"", ""stress_ng_cpu_jmp"": ""7348739"", ""stress_ng_cpu_ln2"": ""6137993"", ""stress_ng_cpu_phi"": ""811486845"", ""stress_ng_cpu_pjw"": ""3646875"", ""stress_ng_cpu_psi"": ""318367705"", ""stress_ng_cpu_rgb"": ""3793879"", ""stress_ng_cpu_gray"": ""1411369"", ""stress_ng_cpu_idct"": ""2621862"", ""stress_ng_cpu_int8"": ""4301575"", ""stress_ng_cpu_loop"": ""1193524"", ""stress_ng_cpu_rand"": ""1306049"", ""stress_ng_cpu_sdbm"": ""6820503"", ""stress_ng_cpu_sqrt"": ""564541"", ""stress_ng_cpu_trig"": ""59635"", ""stress_ng_cpu_zeta"": ""46549"", ""stress_ng_sys_time"": ""0.00"", ""stress_ng_usr_time"": ""60.04"", ""stress_ng_cpu_crc16"": ""8733"", ""stress_ng_cpu_djb2a"": ""7699744"", ""stress_ng_cpu_euler"": ""1283971602"", ""stress_ng_cpu_float"": ""2467092"", ""stress_ng_cpu_fnv1a"": ""6887529"", ""stress_ng_cpu_gamma"": ""24858"", ""stress_ng_cpu_hanoi"": ""13880"", ""stress_ng_cpu_int16"": ""4519999"", ""stress_ng_cpu_int32"": ""4356999"", ""stress_ng_cpu_int64"": ""4376576"", ""stress_ng_cpu_nsqrt"": ""8654"", ""stress_ng_cpu_omega"": ""259201414"", ""stress_ng_cpu_prime"": ""1085"", ""stress_ng_cpu_sieve"": ""1605"", ""stress_ng_cpu_union"": ""1178074"", ""stress_ng_real_time"": ""60.07"", ""stress_ng_cpu_bitops"": ""258954"", ""stress_ng_cpu_cfloat"": ""271121"", ""stress_ng_cpu_dither"": ""15282"", ""stress_ng_cpu_double"": ""689013"", ""stress_ng_cpu_explog"": ""8935"", ""stress_ng_cpu_int128"": ""391080"", ""stress_ng_cpu_jenkin"": ""2318701"", ""stress_ng_cpu_parity"": ""1891350"", ""stress_ng_cpu_queens"": ""6518"", ""stress_ng_cpu_rand48"": ""297240"", ""stress_ng_cpu_cdouble"": ""579552"", ""stress_ng_cpu_hamming"": ""46265"", ""stress_ng_cpu_callfunc"": ""8965263"", ""stress_ng_cpu_ackermann"": ""506"", ""stress_ng_cpu_correlate"": ""2815"", ""stress_ng_cpu_fibonacci"": ""992382265"", ""stress_ng_cpu_hyperbolic"": ""96720"", ""stress_ng_cpu_int32float"": ""2452841"", ""stress_ng_cpu_int64float"": ""2472744"", ""stress_ng_cpu_longdouble"": ""85437"", ""stress_ng_cpu_matrixprod"": ""19180"", ""stress_ng_cpu_clongdouble"": ""4208"", ""stress_ng_cpu_int128float"": ""359834"", ""stress_ng_cpu_int32double"": ""726503"", ""stress_ng_cpu_int64double"": ""729024"", ""stress_ng_cpu_int128double"": ""261586"", ""stress_ng_cpu_int32longdouble"": ""84139"", ""stress_ng_cpu_int64longdouble"": ""84626"", ""#stress_ng_real_time_ops_per_s"": ""217.38"", ""stress_ng_cpu_int128longdouble"": ""70212"", ""#stress_ng_usr_sys_time_ops_per_s"": ""217.47""}","{""type"": ""benchmark"", ""model"": ""cpu"", ""timeout"": 60, ""cpu_load"": null, ""cores_num"": 1, ""background"": false, ""sleep_time"": 60, ""cores_factor"": null, ""interval_install_dir"": ""/data/stress_ng""}",57019,157801,157802,"{""cvm_cpu"": ""8"", ""platform"": ""default"", ""test_name"": ""stress_ng_debug"", ""tool_name"": ""stress_ng"", ""cvm_memory"": ""16 GB"", ""cvm_os_type"": ""CentOS Linux release 7.2 (Final)"", ""cvm_version"": null, ""name_13"": ""name_9"", ""tool_version"": ""0.07.29"", ""component_name"": ""cvm"", ""component_version"": ""default""}",22815365,102225,3484295,"{""cluster"": {""server"": 57516}, ""tool_env"": {""stress_ng"": [14117]}, ""component"": {""stress_ng"": [14118]}}"
34,347029,duration=300;pkgSpeed=140000,"{""tymydclient_qps"": 18282.0, ""tymydclient_RecvPkg"": 937999.0, ""tymydclient_SendPkg"": 938041.0, ""tymydclient_SendFail"": 0.0, ""#tymydclient_TimelyQps"": 149033.0, ""tymydclient_ReconnectTimes"": 0.0, ""tymydclient_TimelySendFail"": 0.0, ""tymydclient_TimelyAverageDelay"": 54.0}","{""host"": ""127.0.0.1"", ""duration"": 300, ""pkgSpeed"": 140000, ""onlineNum"": 1000}",99504,259621,259622,"{""cvm_cpu"": ""124"", ""platform"": ""qcloud"", ""test_name"": ""tymyd_baseline"", ""tool_name"": ""tymydclient"", ""cvm_memory"": ""424 GB"", ""cvm_cpu_qos"": true, ""cvm_os_type"": ""CentOS Linux release 8.2.2004 (Core)"", ""cvm_version"": ""name_17"", ""cvm_cpu_type"": ""name_0"", ""tool_version"": ""1.0"", ""host_cpu_type"": ""name_0"", ""component_name"": ""cvm"", ""host_memory_type"": ""name_18"", ""component_version"": ""default"", ""host_cpu_isolation"": {""host"": {""vm"": ""2-32,38-68,74-104,110-140"", ""dpdk"": ""33-35,69-71,105-107,141-143"", ""host"": ""0-1,36-37"", ""spdk"": ""72-73,108-109""}}, ""host_manufacturer_name"": ""name_3""}",58531646,289260,8747899,"{""cluster"": {""server"": 114034}, ""tool_env"": {""tymydclient"": [36269]}, ""component"": {""tymydclient"": [36270]}}"
35,347048,test_1kb[keep_alive=False],"{""#wrk_qps_avg"": 173741.2, ""wrk_latency_avg"": 2.66, ""wrk_latency_max"": 255.5, ""wrk_transfer_sec"": 208.44, ""wrk_latency_stdev"": 6.85, ""wrk_latency_distribution_90"": 3.4}","{""https"": false, ""thread"": 62, ""duration"": 30, ""test_item"": ""1kb"", ""connection"": 6200, ""keep_alive"": false, ""net_params"": ""default""}",99511,259630,259631,"{""cvm_cpu"": ""62"", ""platform"": ""qcloud"", ""test_name"": ""nginx_wrk_tune_baseline"", ""tool_name"": ""nginx_wrk"", ""cvm_memory"": ""212 GB"", ""cvm_cpu_qos"": true, ""cvm_os_type"": ""CentOS Linux release 8.2.2004 (Core)"", ""cvm_version"": ""name_17"", ""cvm_cpu_type"": ""name_0"", ""tool_version"": ""1.16.7_4.1.0"", ""host_cpu_type"": ""name_0"", ""component_name"": ""cvm"", ""host_memory_type"": ""name_18"", ""component_version"": ""default"", ""host_cpu_isolation"": {""host"": {""vm"": ""2-32,38-68,74-104,110-140"", ""dpdk"": ""33-35,69-71,105-107,141-143"", ""host"": ""0-1,36-37"", ""spdk"": ""72-73,108-109""}}, ""host_manufacturer_name"": ""name_3""}",58531596,289259,8747865,"{""cluster"": {""server"": 113123}, ""tool_env"": {""nginx_wrk"": [36267]}, ""component"": {""nginx_wrk"": [36268]}}"
36,494100,default,"{""#ls_time"": 18}",{},134559,148524,2562,"{""dd"": ""name_11"", ""cvm_cpu"": ""1"", ""platform"": ""default"", ""test_name"": ""demo"", ""tool_name"": ""ls"", ""cvm_memory"": ""2 GB"", ""cvm_os_type"": ""CentOS Linux release 7.6.1810 (Core)"", ""cvm_version"": ""name_11"", ""cvm_cpu_type"": ""name_9"", ""tool_version"": ""1.0"", ""host_cpu_type"": ""name_9"", ""component_name"": ""cvm"", ""host_memory_type"": ""name_12"", ""component_version"": ""name_11"", ""host_cpu_isolation"": {""host"": {""vm"": ""1-3,5-22,25-27,29-46,49-51,53-70,73-75,77-94"", ""dpdk"": ""23,47,71,95"", ""host"": ""0,48"", ""spdk"": ""4,24,28,52,72,76""}}, ""host_manufacturer_name"": ""name_10""}",1d7c84b0-ce8e-4808-8384-0e7525995a9e,qta_task_result,14525532,"{""component"": {""ls"": [48687]}}"
37,208512,cores_num=0;model=zlib;timeout=60;type=benchmark,"{""#stress_ng_ops"": ""4098"", ""stress_ng_sys_time"": ""0.49"", ""stress_ng_usr_time"": ""474.39"", ""stress_ng_real_time"": ""60.31"", ""#stress_ng_real_time_ops_per_s"": ""67.95"", ""#stress_ng_usr_sys_time_ops_per_s"": ""8.63""}","{""type"": ""benchmark"", ""model"": ""zlib"", ""timeout"": 60, ""cpu_load"": null, ""cores_num"": 8, ""background"": false, ""sleep_time"": 60, ""cores_factor"": null, ""interval_install_dir"": ""/data/stress_ng""}",57019,157801,157802,"{""cvm_cpu"": ""8"", ""platform"": ""default"", ""test_name"": ""stress_ng_debug"", ""tool_name"": ""stress_ng"", ""cvm_memory"": ""16 GB"", ""cvm_os_type"": ""CentOS Linux release 7.2 (Final)"", ""cvm_version"": null, ""name_13"": ""name_9"", ""tool_version"": ""0.07.29"", ""component_name"": ""cvm"", ""component_version"": ""default""}",22815365,102225,3484295,"{""cluster"": {""server"": 57516}, ""tool_env"": {""stress_ng"": [14117]}, ""component"": {""stress_ng"": [14118]}}"
38,414749,"dbDriver=mysql,mode=read,numThreads=8,tableNum=50,tableSize=2000000","{""#sysbench_mysql_tps"": 816.33}","{""mode"": ""read"", ""dbDriver"": ""mysql"", ""tableNum"": 50, ""tableSize"": 2000000, ""numThreads"": 8}",116194,312504,312505,"{""cvm_cpu"": ""8"", ""platform"": ""qcloud"", ""test_name"": ""sysbench_mysql_baseline"", ""tool_name"": ""sysbench"", ""cvm_memory"": ""32 GB"", ""cvm_os_type"": ""CentOS Linux release 8.2.2004 (Core)"", ""cvm_version"": ""name_27"", ""cvm_cpu_type"": ""name_26"", ""tool_version"": ""1.0.17"", ""component_name"": ""cvm"", ""component_version"": ""lambo__1000g""}",71160535,341974,10829150,"{""cluster"": {""server"": 140053}, ""tool_env"": {""sysbench"": [42478]}, ""component"": {""sysbench"": [42593]}}"
39,347030,duration=300;pkgSpeed=260000,"{""tymydclient_qps"": 192856.0, ""tymydclient_RecvPkg"": 34135645.0, ""tymydclient_SendPkg"": 34320000.0, ""tymydclient_SendFail"": 0.0, ""#tymydclient_TimelyQps"": 269562.0, ""tymydclient_ReconnectTimes"": 0.0, ""tymydclient_TimelySendFail"": 0.0, ""tymydclient_TimelyAverageDelay"": 165.0}","{""host"": ""127.0.0.1"", ""duration"": 300, ""pkgSpeed"": 260000, ""onlineNum"": 1000}",99504,259621,259622,"{""cvm_cpu"": ""124"", ""platform"": ""qcloud"", ""test_name"": ""tymyd_baseline"", ""tool_name"": ""tymydclient"", ""cvm_memory"": ""424 GB"", ""cvm_cpu_qos"": true, ""cvm_os_type"": ""CentOS Linux release 8.2.2004 (Core)"", ""cvm_version"": ""name_17"", ""cvm_cpu_type"": ""name_0"", ""tool_version"": ""1.0"", ""host_cpu_type"": ""name_0"", ""component_name"": ""cvm"", ""host_memory_type"": ""name_18"", ""component_version"": ""default"", ""host_cpu_isolation"": {""host"": {""vm"": ""2-32,38-68,74-104,110-140"", ""dpdk"": ""33-35,69-71,105-107,141-143"", ""host"": ""0-1,36-37"", ""spdk"": ""72-73,108-109""}}, ""host_manufacturer_name"": ""name_3""}",58531646,289260,8747899,"{""cluster"": {""server"": 114034}, ""tool_env"": {""tymydclient"": [36269]}, ""component"": {""tymydclient"": [36270]}}"
40,426209,"duration=300,mode=cpu,threads=1","{""#sysbench_events_per_second"": 3572}","{""mode"": ""cpu"", ""threads"": 1, ""duration"": 300}",119168,321081,321082,"{""cvm_cpu"": ""70"", ""platform"": ""qcloud"", ""test_name"": ""sysbench_cpu_baseline"", ""tool_name"": ""sysbench"", ""cvm_memory"": ""192 GB"", ""cvm_os_type"": ""CentOS Linux release 8.2"", ""cvm_version"": ""name_14"", ""tool_version"": ""1.0.17"", ""component_name"": ""cvm"", ""component_version"": ""default""}",73257623,353809,11162651,"{""cluster"": {""server"": 143571}, ""tool_env"": {""sysbench"": [43384]}, ""component"": {""sysbench"": [43385]}}"
41,208519,"duration=300,mode=cpu,threads=1","{""#sysbench_events_per_second"": 1035}","{""mode"": ""cpu"", ""threads"": 1, ""duration"": 300}",56292,157811,157812,"{""cvm_cpu"": ""4"", ""platform"": ""default"", ""test_name"": ""sysbench_cpu_baseline"", ""tool_name"": ""sysbench"", ""cvm_memory"": ""16 GB"", ""cvm_os_type"": ""CentOS Linux release 7.2 (Final)"", ""cvm_version"": null, ""name_13"": ""name_9"", ""tool_version"": ""1.0.17"", ""component_name"": ""cvm"", ""component_version"": ""default""}",22822509,102145,3485287,"{""cluster"": {""server"": 57475}, ""tool_env"": {""sysbench"": [14359]}, ""component"": {""sysbench"": [14360]}}"
42,347031,duration=300;pkgSpeed=160000,"{""tymydclient_qps"": 19636.0, ""tymydclient_RecvPkg"": 1014115.0, ""tymydclient_SendPkg"": 1071851.0, ""tymydclient_SendFail"": 0.0, ""#tymydclient_TimelyQps"": 160539.0, ""tymydclient_ReconnectTimes"": 0.0, ""tymydclient_TimelySendFail"": 0.0, ""tymydclient_TimelyAverageDelay"": 87.0}","{""host"": ""127.0.0.1"", ""duration"": 300, ""pkgSpeed"": 160000, ""onlineNum"": 1000}",99504,259621,259622,"{""cvm_cpu"": ""124"", ""platform"": ""qcloud"", ""test_name"": ""tymyd_baseline"", ""tool_name"": ""tymydclient"", ""cvm_memory"": ""424 GB"", ""cvm_cpu_qos"": true, ""cvm_os_type"": ""CentOS Linux release 8.2.2004 (Core)"", ""cvm_version"": ""name_17"", ""cvm_cpu_type"": ""name_0"", ""tool_version"": ""1.0"", ""host_cpu_type"": ""name_0"", ""component_name"": ""cvm"", ""host_memory_type"": ""name_18"", ""component_version"": ""default"", ""host_cpu_isolation"": {""host"": {""vm"": ""2-32,38-68,74-104,110-140"", ""dpdk"": ""33-35,69-71,105-107,141-143"", ""host"": ""0-1,36-37"", ""spdk"": ""72-73,108-109""}}, ""host_manufacturer_name"": ""name_3""}",58531646,289260,8747899,"{""cluster"": {""server"": 114034}, ""tool_env"": {""tymydclient"": [36269]}, ""component"": {""tymydclient"": [36270]}}"
43,347049,test_only_string_return,"{""#wrk_qps_avg"": 4834918.75, ""wrk_latency_avg"": 1.21, ""wrk_latency_max"": 210.77, ""wrk_transfer_sec"": 700.63, ""wrk_latency_stdev"": 0.403, ""wrk_latency_distribution_90"": 1.5}","{""https"": false, ""thread"": 62, ""duration"": 30, ""test_item"": ""only_string_return"", ""connection"": 6200, ""keep_alive"": true, ""net_params"": ""default""}",99511,259630,259631,"{""cvm_cpu"": ""62"", ""platform"": ""qcloud"", ""test_name"": ""nginx_wrk_tune_baseline"", ""tool_name"": ""nginx_wrk"", ""cvm_memory"": ""212 GB"", ""cvm_cpu_qos"": true, ""cvm_os_type"": ""CentOS Linux release 8.2.2004 (Core)"", ""cvm_version"": ""name_17"", ""cvm_cpu_type"": ""name_0"", ""tool_version"": ""1.16.7_4.1.0"", ""host_cpu_type"": ""name_0"", ""component_name"": ""cvm"", ""host_memory_type"": ""name_18"", ""component_version"": ""default"", ""host_cpu_isolation"": {""host"": {""vm"": ""2-32,38-68,74-104,110-140"", ""dpdk"": ""33-35,69-71,105-107,141-143"", ""host"": ""0-1,36-37"", ""spdk"": ""72-73,108-109""}}, ""host_manufacturer_name"": ""name_3""}",58531596,289259,8747865,"{""cluster"": {""server"": 113123}, ""tool_env"": {""nginx_wrk"": [36267]}, ""component"": {""nginx_wrk"": [36268]}}"
44,426205,scale=5000,"{""#super_pi_sys_time"": 0.0, ""#super_pi_real_time"": 14.88, ""#super_pi_user_time"": 14.88}","{""scale"": 5000, ""background"": false}",119166,321075,321076,"{""cvm_cpu"": ""8"", ""platform"": ""qcloud"", ""test_name"": ""super_pi_baseline"", ""tool_name"": ""super_pi"", ""cvm_memory"": ""16 GB"", ""cvm_os_type"": ""Tencent tlinux release 2.2 (tkernel3)"", ""cvm_version"": ""name_29"", ""cvm_cpu_type"": ""name_28"", ""tool_version"": ""default"", ""component_name"": ""cvm"", ""component_version"": ""default""}",73258198,300041,11162876,"{""cluster"": {""server"": 117899}, ""tool_env"": {""super_pi"": [37402]}, ""component"": {""super_pi"": [40532]}}"
45,208526,cores_num=1;model=cpu;timeout=60;type=benchmark,"{""#stress_ng_ops"": ""13052"", ""stress_ng_cpu_pi"": ""80952238"", ""stress_ng_cpu_fft"": ""28908"", ""stress_ng_cpu_gcd"": ""105673"", ""stress_ng_cpu_jmp"": ""7343679"", ""stress_ng_cpu_ln2"": ""6139293"", ""stress_ng_cpu_phi"": ""817550108"", ""stress_ng_cpu_pjw"": ""3609179"", ""stress_ng_cpu_psi"": ""308963533"", ""stress_ng_cpu_rgb"": ""3794551"", ""stress_ng_cpu_gray"": ""1412084"", ""stress_ng_cpu_idct"": ""2564966"", ""stress_ng_cpu_int8"": ""4210766"", ""stress_ng_cpu_loop"": ""1228807"", ""stress_ng_cpu_rand"": ""1310652"", ""stress_ng_cpu_sdbm"": ""6829015"", ""stress_ng_cpu_sqrt"": ""564100"", ""stress_ng_cpu_trig"": ""59983"", ""stress_ng_cpu_zeta"": ""46183"", ""stress_ng_sys_time"": ""0.00"", ""stress_ng_usr_time"": ""60.00"", ""stress_ng_cpu_crc16"": ""8750"", ""stress_ng_cpu_djb2a"": ""7626631"", ""stress_ng_cpu_euler"": ""1236319824"", ""stress_ng_cpu_float"": ""2462086"", ""stress_ng_cpu_fnv1a"": ""6789571"", ""stress_ng_cpu_gamma"": ""24513"", ""stress_ng_cpu_hanoi"": ""13722"", ""stress_ng_cpu_int16"": ""4541590"", ""stress_ng_cpu_int32"": ""4293520"", ""stress_ng_cpu_int64"": ""4340075"", ""stress_ng_cpu_nsqrt"": ""8665"", ""stress_ng_cpu_omega"": ""259831831"", ""stress_ng_cpu_prime"": ""1068"", ""stress_ng_cpu_sieve"": ""1610"", ""stress_ng_cpu_union"": ""1178683"", ""stress_ng_real_time"": ""60.03"", ""stress_ng_cpu_bitops"": ""248178"", ""stress_ng_cpu_cfloat"": ""270352"", ""stress_ng_cpu_dither"": ""15055"", ""stress_ng_cpu_double"": ""673634"", ""stress_ng_cpu_explog"": ""8930"", ""stress_ng_cpu_int128"": ""387652"", ""stress_ng_cpu_jenkin"": ""2319787"", ""stress_ng_cpu_parity"": ""1901384"", ""stress_ng_cpu_queens"": ""6483"", ""stress_ng_cpu_rand48"": ""287540"", ""stress_ng_cpu_cdouble"": ""595457"", ""stress_ng_cpu_hamming"": ""46634"", ""stress_ng_cpu_callfunc"": ""8872356"", ""stress_ng_cpu_ackermann"": ""500"", ""stress_ng_cpu_correlate"": ""2816"", ""stress_ng_cpu_fibonacci"": ""980377553"", ""stress_ng_cpu_hyperbolic"": ""94243"", ""stress_ng_cpu_int32float"": ""2445333"", ""stress_ng_cpu_int64float"": ""2467816"", ""stress_ng_cpu_longdouble"": ""85426"", ""stress_ng_cpu_matrixprod"": ""18991"", ""stress_ng_cpu_clongdouble"": ""4219"", ""stress_ng_cpu_int128float"": ""352972"", ""stress_ng_cpu_int32double"": ""709417"", ""stress_ng_cpu_int64double"": ""727291"", ""stress_ng_cpu_int128double"": ""258747"", ""stress_ng_cpu_int32longdouble"": ""84492"", ""stress_ng_cpu_int64longdouble"": ""84446"", ""#stress_ng_real_time_ops_per_s"": ""217.44"", ""stress_ng_cpu_int128longdouble"": ""70045"", ""#stress_ng_usr_sys_time_ops_per_s"": ""217.53""}","{""type"": ""benchmark"", ""model"": ""cpu"", ""timeout"": 60, ""cpu_load"": null, ""cores_num"": 1, ""background"": false, ""sleep_time"": 60, ""cores_factor"": null, ""interval_install_dir"": ""/data/stress_ng""}",57019,157803,157804,"{""cvm_cpu"": ""8"", ""platform"": ""default"", ""test_name"": ""stress_ng_debug"", ""tool_name"": ""stress_ng"", ""cvm_memory"": ""16 GB"", ""cvm_os_type"": ""CentOS Linux release 7.2 (Final)"", ""cvm_version"": null, ""name_13"": ""name_9"", ""tool_version"": ""0.07.29"", ""component_name"": ""cvm"", ""component_version"": ""default""}",22810328,102275,3483721,"{""cluster"": {""server"": 57516}, ""tool_env"": {""stress_ng"": [14093]}, ""component"": {""stress_ng"": [14094]}}"
46,347032,duration=300;pkgSpeed=280000,"{""tymydclient_qps"": 57893.0, ""tymydclient_RecvPkg"": 3068357.0, ""tymydclient_SendPkg"": 3080000.0, ""tymydclient_SendFail"": 0.0, ""#tymydclient_TimelyQps"": 292205.0, ""tymydclient_ReconnectTimes"": 0.0, ""tymydclient_TimelySendFail"": 0.0, ""tymydclient_TimelyAverageDelay"": 140.0}","{""host"": ""127.0.0.1"", ""duration"": 300, ""pkgSpeed"": 280000, ""onlineNum"": 1000}",99504,259621,259622,"{""cvm_cpu"": ""124"", ""platform"": ""qcloud"", ""test_name"": ""tymyd_baseline"", ""tool_name"": ""tymydclient"", ""cvm_memory"": ""424 GB"", ""cvm_cpu_qos"": true, ""cvm_os_type"": ""CentOS Linux release 8.2.2004 (Core)"", ""cvm_version"": ""name_17"", ""cvm_cpu_type"": ""name_0"", ""tool_version"": ""1.0"", ""host_cpu_type"": ""name_0"", ""component_name"": ""cvm"", ""host_memory_type"": ""name_18"", ""component_version"": ""default"", ""host_cpu_isolation"": {""host"": {""vm"": ""2-32,38-68,74-104,110-140"", ""dpdk"": ""33-35,69-71,105-107,141-143"", ""host"": ""0-1,36-37"", ""spdk"": ""72-73,108-109""}}, ""host_manufacturer_name"": ""name_3""}",58531646,289260,8747899,"{""cluster"": {""server"": 114034}, ""tool_env"": {""tymydclient"": [36269]}, ""component"": {""tymydclient"": [36270]}}"
47,426210,"duration=300,mode=cpu,threads=70","{""#sysbench_events_per_second"": 249281}","{""mode"": ""cpu"", ""threads"": 70, ""duration"": 300}",119168,321081,321082,"{""cvm_cpu"": ""70"", ""platform"": ""qcloud"", ""test_name"": ""sysbench_cpu_baseline"", ""tool_name"": ""sysbench"", ""cvm_memory"": ""192 GB"", ""cvm_os_type"": ""CentOS Linux release 8.2"", ""cvm_version"": ""name_14"", ""tool_version"": ""1.0.17"", ""component_name"": ""cvm"", ""component_version"": ""default""}",73257623,353809,11162651,"{""cluster"": {""server"": 143571}, ""tool_env"": {""sysbench"": [43384]}, ""component"": {""sysbench"": [43385]}}"
48,220012,default,"{""#ls_time"": 18}",{},60517,148524,2562,"{""dd"": ""name_11"", ""cvm_cpu"": ""1"", ""platform"": ""default"", ""test_name"": ""demo"", ""tool_name"": ""ls"", ""cvm_memory"": ""2 GB"", ""cvm_version"": ""name_11"", ""cvm_cpu_type"": ""name_9"", ""tool_version"": ""1.0"", ""host_cpu_type"": ""name_9"", ""component_name"": ""cvm"", ""host_memory_type"": ""name_12"", ""component_version"": ""name_11"", ""host_cpu_isolation"": {""host"": {""vm"": ""1-3,5-22,25-27,29-46,49-51,53-70,73-75,77-94"", ""dpdk"": ""23,47,71,95"", ""host"": ""0,48"", ""spdk"": ""4,24,28,52,72,76""}}, ""host_manufacturer_name"": ""name_10""}",7a7ba22b-2d3e-4ecd-83cf-37fcb751bc1d,qta_task_result,14525532,"{""component"": {""ls"": [16201]}}"
49,222635,default,"{""#ls_time"": 18}",{},61695,148524,2562,"{""dd"": ""name_11"", ""cvm_cpu"": ""1"", ""platform"": ""default"", ""test_name"": ""demo"", ""tool_name"": ""ls"", ""cvm_memory"": ""2 GB"", ""cvm_version"": ""name_11"", ""cvm_cpu_type"": ""name_9"", ""tool_version"": ""1.0"", ""host_cpu_type"": ""name_9"", ""component_name"": ""cvm"", ""host_memory_type"": ""name_12"", ""component_version"": ""name_11"", ""host_cpu_isolation"": {""host"": {""vm"": ""1-3,5-22,25-27,29-46,49-51,53-70,73-75,77-94"", ""dpdk"": ""23,47,71,95"", ""host"": ""0,48"", ""spdk"": ""4,24,28,52,72,76""}}, ""host_manufacturer_name"": ""name_10""}",371786df-3231-4b01-a394-560d1e8aa089,qta_task_result,14525532,"{""component"": {""ls"": [16999]}}"
